[{"model": "admin.logentry", "pk": 1, "fields": {"action_time": "2025-08-04T18:29:14.665Z", "user": 1, "content_type": 10, "object_id": "2", "object_repr": "Demostenes", "action_flag": 1, "change_message": "[{\"added\": {}}]"}}, {"model": "admin.logentry", "pk": 2, "fields": {"action_time": "2025-08-04T18:29:39.756Z", "user": 1, "content_type": 10, "object_id": "3", "object_repr": "Icaro", "action_flag": 1, "change_message": "[{\"added\": {}}]"}}, {"model": "admin.logentry", "pk": 3, "fields": {"action_time": "2025-08-04T18:29:54.323Z", "user": 1, "content_type": 10, "object_id": "4", "object_repr": "Flavio", "action_flag": 1, "change_message": "[{\"added\": {}}]"}}, {"model": "admin.logentry", "pk": 4, "fields": {"action_time": "2025-08-04T18:30:15.633Z", "user": 1, "content_type": 10, "object_id": "5", "object_repr": "Asaph", "action_flag": 1, "change_message": "[{\"added\": {}}]"}}, {"model": "admin.logentry", "pk": 5, "fields": {"action_time": "2025-08-04T18:30:33.859Z", "user": 1, "content_type": 10, "object_id": "6", "object_repr": "George", "action_flag": 1, "change_message": "[{\"added\": {}}]"}}, {"model": "admin.logentry", "pk": 6, "fields": {"action_time": "2025-08-04T18:30:50.293Z", "user": 1, "content_type": 10, "object_id": "7", "object_repr": "Gustavo", "action_flag": 1, "change_message": "[{\"added\": {}}]"}}, {"model": "admin.logentry", "pk": 7, "fields": {"action_time": "2025-08-04T18:31:08.064Z", "user": 1, "content_type": 8, "object_id": "1", "object_repr": "Manager: Demostenes", "action_flag": 1, "change_message": "[{\"added\": {}}]"}}, {"model": "admin.logentry", "pk": 8, "fields": {"action_time": "2025-08-04T18:33:33.862Z", "user": 1, "content_type": 9, "object_id": "1", "object_repr": "Cardiologia", "action_flag": 1, "change_message": "[{\"added\": {}}]"}}, {"model": "admin.logentry", "pk": 9, "fields": {"action_time": "2025-08-04T18:33:38.837Z", "user": 1, "content_type": 9, "object_id": "2", "object_repr": "Pediatria", "action_flag": 1, "change_message": "[{\"added\": {}}]"}}, {"model": "admin.logentry", "pk": 10, "fields": {"action_time": "2025-08-04T18:33:46.411Z", "user": 1, "content_type": 9, "object_id": "3", "object_repr": "Ginecologista", "action_flag": 1, "change_message": "[{\"added\": {}}]"}}, {"model": "admin.logentry", "pk": 11, "fields": {"action_time": "2025-08-04T18:33:51.956Z", "user": 1, "content_type": 9, "object_id": "4", "object_repr": "Ortopedista", "action_flag": 1, "change_message": "[{\"added\": {}}]"}}, {"model": "admin.logentry", "pk": 12, "fields": {"action_time": "2025-08-04T18:34:03.081Z", "user": 1, "content_type": 9, "object_id": "5", "object_repr": "Psiquiatria", "action_flag": 1, "change_message": "[{\"added\": {}}]"}}, {"model": "admin.logentry", "pk": 13, "fields": {"action_time": "2025-08-04T18:34:10.650Z", "user": 1, "content_type": 9, "object_id": "3", "object_repr": "Ginecologia", "action_flag": 2, "change_message": "[{\"changed\": {\"fields\": [\"Name\"]}}]"}}, {"model": "admin.logentry", "pk": 14, "fields": {"action_time": "2025-08-04T18:34:19.781Z", "user": 1, "content_type": 9, "object_id": "4", "object_repr": "Ortopedia", "action_flag": 2, "change_message": "[{\"changed\": {\"fields\": [\"Name\"]}}]"}}, {"model": "admin.logentry", "pk": 15, "fields": {"action_time": "2025-08-04T18:35:16.734Z", "user": 1, "content_type": 11, "object_id": "1", "object_repr": "UTI", "action_flag": 1, "change_message": "[{\"added\": {}}]"}}, {"model": "admin.logentry", "pk": 16, "fields": {"action_time": "2025-08-04T18:36:36.614Z", "user": 1, "content_type": 11, "object_id": "2", "object_repr": "Centro Cirurgico", "action_flag": 1, "change_message": "[{\"added\": {}}]"}}, {"model": "admin.logentry", "pk": 17, "fields": {"action_time": "2025-08-04T18:37:01.946Z", "user": 1, "content_type": 11, "object_id": "3", "object_repr": "Unidade de Internacao", "action_flag": 1, "change_message": "[{\"added\": {}}]"}}, {"model": "admin.logentry", "pk": 18, "fields": {"action_time": "2025-08-04T18:37:24.652Z", "user": 1, "content_type": 11, "object_id": "4", "object_repr": "Consultas", "action_flag": 1, "change_message": "[{\"added\": {}}]"}}, {"model": "admin.logentry", "pk": 19, "fields": {"action_time": "2025-08-04T18:38:36.027Z", "user": 1, "content_type": 7, "object_id": "1", "object_repr": "ID: 3 - Dr. Icaro - CRM: 123450/RN", "action_flag": 1, "change_message": "[{\"added\": {}}]"}}, {"model": "admin.logentry", "pk": 20, "fields": {"action_time": "2025-08-04T18:38:52.943Z", "user": 1, "content_type": 7, "object_id": "2", "object_repr": "ID: 4 - Dr. Flavio - CRM: 123451/RN", "action_flag": 1, "change_message": "[{\"added\": {}}]"}}, {"model": "admin.logentry", "pk": 21, "fields": {"action_time": "2025-08-04T18:39:06.912Z", "user": 1, "content_type": 7, "object_id": "3", "object_repr": "ID: 5 - Dr. Asaph - CRM: 123452/RN", "action_flag": 1, "change_message": "[{\"added\": {}}]"}}, {"model": "admin.logentry", "pk": 22, "fields": {"action_time": "2025-08-04T18:39:23.389Z", "user": 1, "content_type": 7, "object_id": "4", "object_repr": "ID: 6 - Dr. George - CRM: 123453/RN", "action_flag": 1, "change_message": "[{\"added\": {}}]"}}, {"model": "admin.logentry", "pk": 23, "fields": {"action_time": "2025-08-04T18:39:39.255Z", "user": 1, "content_type": 7, "object_id": "5", "object_repr": "ID: 7 - Dr. Gustavo - CRM: 123454/RN", "action_flag": 1, "change_message": "[{\"added\": {}}]"}}, {"model": "auth.permission", "pk": 1, "fields": {"name": "Can add log entry", "content_type": 1, "codename": "add_logentry"}}, {"model": "auth.permission", "pk": 2, "fields": {"name": "Can change log entry", "content_type": 1, "codename": "change_logentry"}}, {"model": "auth.permission", "pk": 3, "fields": {"name": "Can delete log entry", "content_type": 1, "codename": "delete_logentry"}}, {"model": "auth.permission", "pk": 4, "fields": {"name": "Can view log entry", "content_type": 1, "codename": "view_logentry"}}, {"model": "auth.permission", "pk": 5, "fields": {"name": "Can add permission", "content_type": 2, "codename": "add_permission"}}, {"model": "auth.permission", "pk": 6, "fields": {"name": "Can change permission", "content_type": 2, "codename": "change_permission"}}, {"model": "auth.permission", "pk": 7, "fields": {"name": "Can delete permission", "content_type": 2, "codename": "delete_permission"}}, {"model": "auth.permission", "pk": 8, "fields": {"name": "Can view permission", "content_type": 2, "codename": "view_permission"}}, {"model": "auth.permission", "pk": 9, "fields": {"name": "Can add group", "content_type": 3, "codename": "add_group"}}, {"model": "auth.permission", "pk": 10, "fields": {"name": "Can change group", "content_type": 3, "codename": "change_group"}}, {"model": "auth.permission", "pk": 11, "fields": {"name": "Can delete group", "content_type": 3, "codename": "delete_group"}}, {"model": "auth.permission", "pk": 12, "fields": {"name": "Can view group", "content_type": 3, "codename": "view_group"}}, {"model": "auth.permission", "pk": 13, "fields": {"name": "Can add content type", "content_type": 4, "codename": "add_contenttype"}}, {"model": "auth.permission", "pk": 14, "fields": {"name": "Can change content type", "content_type": 4, "codename": "change_contenttype"}}, {"model": "auth.permission", "pk": 15, "fields": {"name": "Can delete content type", "content_type": 4, "codename": "delete_contenttype"}}, {"model": "auth.permission", "pk": 16, "fields": {"name": "Can view content type", "content_type": 4, "codename": "view_contenttype"}}, {"model": "auth.permission", "pk": 17, "fields": {"name": "Can add session", "content_type": 5, "codename": "add_session"}}, {"model": "auth.permission", "pk": 18, "fields": {"name": "Can change session", "content_type": 5, "codename": "change_session"}}, {"model": "auth.permission", "pk": 19, "fields": {"name": "Can delete session", "content_type": 5, "codename": "delete_session"}}, {"model": "auth.permission", "pk": 20, "fields": {"name": "Can view session", "content_type": 5, "codename": "view_session"}}, {"model": "auth.permission", "pk": 21, "fields": {"name": "Can add availability", "content_type": 6, "codename": "add_availability"}}, {"model": "auth.permission", "pk": 22, "fields": {"name": "Can change availability", "content_type": 6, "codename": "change_availability"}}, {"model": "auth.permission", "pk": 23, "fields": {"name": "Can delete availability", "content_type": 6, "codename": "delete_availability"}}, {"model": "auth.permission", "pk": 24, "fields": {"name": "Can view availability", "content_type": 6, "codename": "view_availability"}}, {"model": "auth.permission", "pk": 25, "fields": {"name": "Can add doctor", "content_type": 7, "codename": "add_doctor"}}, {"model": "auth.permission", "pk": 26, "fields": {"name": "Can change doctor", "content_type": 7, "codename": "change_doctor"}}, {"model": "auth.permission", "pk": 27, "fields": {"name": "Can delete doctor", "content_type": 7, "codename": "delete_doctor"}}, {"model": "auth.permission", "pk": 28, "fields": {"name": "Can view doctor", "content_type": 7, "codename": "view_doctor"}}, {"model": "auth.permission", "pk": 29, "fields": {"name": "Can add manager", "content_type": 8, "codename": "add_manager"}}, {"model": "auth.permission", "pk": 30, "fields": {"name": "Can change manager", "content_type": 8, "codename": "change_manager"}}, {"model": "auth.permission", "pk": 31, "fields": {"name": "Can delete manager", "content_type": 8, "codename": "delete_manager"}}, {"model": "auth.permission", "pk": 32, "fields": {"name": "Can view manager", "content_type": 8, "codename": "view_manager"}}, {"model": "auth.permission", "pk": 33, "fields": {"name": "Can add specialty", "content_type": 9, "codename": "add_specialty"}}, {"model": "auth.permission", "pk": 34, "fields": {"name": "Can change specialty", "content_type": 9, "codename": "change_specialty"}}, {"model": "auth.permission", "pk": 35, "fields": {"name": "Can delete specialty", "content_type": 9, "codename": "delete_specialty"}}, {"model": "auth.permission", "pk": 36, "fields": {"name": "Can view specialty", "content_type": 9, "codename": "view_specialty"}}, {"model": "auth.permission", "pk": 37, "fields": {"name": "Can add user", "content_type": 10, "codename": "add_professional"}}, {"model": "auth.permission", "pk": 38, "fields": {"name": "Can change user", "content_type": 10, "codename": "change_professional"}}, {"model": "auth.permission", "pk": 39, "fields": {"name": "Can delete user", "content_type": 10, "codename": "delete_professional"}}, {"model": "auth.permission", "pk": 40, "fields": {"name": "Can view user", "content_type": 10, "codename": "view_professional"}}, {"model": "auth.permission", "pk": 41, "fields": {"name": "Can add department", "content_type": 11, "codename": "add_department"}}, {"model": "auth.permission", "pk": 42, "fields": {"name": "Can change department", "content_type": 11, "codename": "change_department"}}, {"model": "auth.permission", "pk": 43, "fields": {"name": "Can delete department", "content_type": 11, "codename": "delete_department"}}, {"model": "auth.permission", "pk": 44, "fields": {"name": "Can view department", "content_type": 11, "codename": "view_department"}}, {"model": "auth.permission", "pk": 45, "fields": {"name": "Can add schedule", "content_type": 12, "codename": "add_schedule"}}, {"model": "auth.permission", "pk": 46, "fields": {"name": "Can change schedule", "content_type": 12, "codename": "change_schedule"}}, {"model": "auth.permission", "pk": 47, "fields": {"name": "Can delete schedule", "content_type": 12, "codename": "delete_schedule"}}, {"model": "auth.permission", "pk": 48, "fields": {"name": "Can view schedule", "content_type": 12, "codename": "view_schedule"}}, {"model": "auth.permission", "pk": 49, "fields": {"name": "Can add shift", "content_type": 13, "codename": "add_shift"}}, {"model": "auth.permission", "pk": 50, "fields": {"name": "Can change shift", "content_type": 13, "codename": "change_shift"}}, {"model": "auth.permission", "pk": 51, "fields": {"name": "Can delete shift", "content_type": 13, "codename": "delete_shift"}}, {"model": "auth.permission", "pk": 52, "fields": {"name": "Can view shift", "content_type": 13, "codename": "view_shift"}}, {"model": "auth.permission", "pk": 53, "fields": {"name": "Can add allocation", "content_type": 14, "codename": "add_allocation"}}, {"model": "auth.permission", "pk": 54, "fields": {"name": "Can change allocation", "content_type": 14, "codename": "change_allocation"}}, {"model": "auth.permission", "pk": 55, "fields": {"name": "Can delete allocation", "content_type": 14, "codename": "delete_allocation"}}, {"model": "auth.permission", "pk": 56, "fields": {"name": "Can view allocation", "content_type": 14, "codename": "view_allocation"}}, {"model": "auth.permission", "pk": 57, "fields": {"name": "Can add notification", "content_type": 15, "codename": "add_notification"}}, {"model": "auth.permission", "pk": 58, "fields": {"name": "Can change notification", "content_type": 15, "codename": "change_notification"}}, {"model": "auth.permission", "pk": 59, "fields": {"name": "Can delete notification", "content_type": 15, "codename": "delete_notification"}}, {"model": "auth.permission", "pk": 60, "fields": {"name": "Can view notification", "content_type": 15, "codename": "view_notification"}}, {"model": "contenttypes.contenttype", "pk": 1, "fields": {"app_label": "admin", "model": "logentry"}}, {"model": "contenttypes.contenttype", "pk": 2, "fields": {"app_label": "auth", "model": "permission"}}, {"model": "contenttypes.contenttype", "pk": 3, "fields": {"app_label": "auth", "model": "group"}}, {"model": "contenttypes.contenttype", "pk": 4, "fields": {"app_label": "contenttypes", "model": "contenttype"}}, {"model": "contenttypes.contenttype", "pk": 5, "fields": {"app_label": "sessions", "model": "session"}}, {"model": "contenttypes.contenttype", "pk": 6, "fields": {"app_label": "accounts", "model": "availability"}}, {"model": "contenttypes.contenttype", "pk": 7, "fields": {"app_label": "accounts", "model": "doctor"}}, {"model": "contenttypes.contenttype", "pk": 8, "fields": {"app_label": "accounts", "model": "manager"}}, {"model": "contenttypes.contenttype", "pk": 9, "fields": {"app_label": "accounts", "model": "specialty"}}, {"model": "contenttypes.contenttype", "pk": 10, "fields": {"app_label": "accounts", "model": "professional"}}, {"model": "contenttypes.contenttype", "pk": 11, "fields": {"app_label": "department", "model": "department"}}, {"model": "contenttypes.contenttype", "pk": 12, "fields": {"app_label": "hospital", "model": "schedule"}}, {"model": "contenttypes.contenttype", "pk": 13, "fields": {"app_label": "hospital", "model": "shift"}}, {"model": "contenttypes.contenttype", "pk": 14, "fields": {"app_label": "hospital", "model": "allocation"}}, {"model": "contenttypes.contenttype", "pk": 15, "fields": {"app_label": "notification", "model": "notification"}}, {"model": "sessions.session", "pk": "emvjbun9qpppdyo9zauni2lqtnu9jcic", "fields": {"session_data": ".eJxVjMsOgjAQRf-la9MMfQyMS_d-Axk6g0VNSSisjP-uJCx0e88592V63tbcb1WXfhJzNt6cfreB00PLDuTO5TbbNJd1mQa7K_ag1V5n0eflcP8OMtf8rdPASKNjL9KBuhQEwaHGdoyNjwgUUDvB0ATXeoigoIkJyUcC6Boy7w_a0Ta4:1uj0B9:b9FhDB16QGDPcSppsj5bVHfcsyRQiIi1jLzDjQbHguU", "expire_date": "2025-08-18T18:44:59.321Z"}}, {"model": "accounts.professional", "pk": 1, "fields": {"password": "pbkdf2_sha256$1000000$uGI1g7XREhRdWINKpOujZt$vJDuhtqfJddVaXFG4Q/tGN1mgUDWUTjEfawJEPK2IVo=", "last_login": "2025-08-04T18:28:34.045Z", "is_superuser": true, "username": "admin", "first_name": "", "last_name": "", "email": "admin@admin.com", "is_staff": true, "is_active": true, "date_joined": "2025-08-04T18:28:14.987Z", "cpf": null, "phone": "123456789", "description": null, "profile_picture": "", "groups": [], "user_permissions": []}}, {"model": "accounts.professional", "pk": 2, "fields": {"password": "pbkdf2_sha256$1000000$G0GXRdi171exrgljFCvwWe$NeuezMqbAsnYHoMv4uMcRoXNfJttSl4fgr51HYe8kP0=", "last_login": "2025-08-04T18:40:17.746Z", "is_superuser": false, "username": "Demostenes", "first_name": "", "last_name": "", "email": "", "is_staff": false, "is_active": true, "date_joined": "2025-08-04T18:28:47Z", "cpf": null, "phone": "123456789", "description": "", "profile_picture": "", "groups": [], "user_permissions": []}}, {"model": "accounts.professional", "pk": 3, "fields": {"password": "pbkdf2_sha256$1000000$vF38CUelPD94RcflcBUU4X$tSpyIds+AXXo3OTk7HqC8zI6XblIwSOi1XAK7at+R3s=", "last_login": "2025-08-04T18:44:59.319Z", "is_superuser": false, "username": "Icaro", "first_name": "", "last_name": "", "email": "", "is_staff": false, "is_active": true, "date_joined": "2025-08-04T18:29:14Z", "cpf": null, "phone": "123456789", "description": "", "profile_picture": "", "groups": [], "user_permissions": []}}, {"model": "accounts.professional", "pk": 4, "fields": {"password": "pbkdf2_sha256$1000000$CBRrCOXRwrYryeNMCq781L$3JDamQsrf/emSAgp3DjKwp5iX5QXDS13L6f5fHIfoJY=", "last_login": null, "is_superuser": false, "username": "Flavio", "first_name": "", "last_name": "", "email": "", "is_staff": false, "is_active": true, "date_joined": "2025-08-04T18:29:39Z", "cpf": null, "phone": "123456789", "description": "", "profile_picture": "", "groups": [], "user_permissions": []}}, {"model": "accounts.professional", "pk": 5, "fields": {"password": "pbkdf2_sha256$1000000$FF1WgReH3lTqtYYkE8kG4p$Iktu2Pf502442a9Lhp25ihDhrClWmJs5rVr7nd19WyA=", "last_login": null, "is_superuser": false, "username": "Asaph", "first_name": "", "last_name": "", "email": "", "is_staff": false, "is_active": true, "date_joined": "2025-08-04T18:29:54Z", "cpf": null, "phone": "123456789", "description": "", "profile_picture": "", "groups": [], "user_permissions": []}}, {"model": "accounts.professional", "pk": 6, "fields": {"password": "pbkdf2_sha256$1000000$vdybuapCAeqPlcmrWyIIq1$xOB2VHrLd/FfOs7b3mDXuCzUDctD8kQc0tQv0cI31ZQ=", "last_login": null, "is_superuser": false, "username": "George", "first_name": "", "last_name": "", "email": "", "is_staff": false, "is_active": true, "date_joined": "2025-08-04T18:30:15Z", "cpf": null, "phone": "123456789", "description": "", "profile_picture": "", "groups": [], "user_permissions": []}}, {"model": "accounts.professional", "pk": 7, "fields": {"password": "pbkdf2_sha256$1000000$F7r1iix2LW0vb7O7IZQZD4$qYquXfp3xxHdLwfse5/U8ED4mdjAQccP5BO4lMDwsPc=", "last_login": null, "is_superuser": false, "username": "Gustavo", "first_name": "", "last_name": "", "email": "", "is_staff": false, "is_active": true, "date_joined": "2025-08-04T18:30:33Z", "cpf": null, "phone": "123456789", "description": "", "profile_picture": "", "groups": [], "user_permissions": []}}, {"model": "accounts.doctor", "pk": 1, "fields": {"professional": 3, "crm": "123450/RN", "workload": "5 00:00:00", "departments": [1, 4], "specialties": [1, 2, 5]}}, {"model": "accounts.doctor", "pk": 2, "fields": {"professional": 4, "crm": "123451/RN", "workload": "5 00:00:00", "departments": [1, 3], "specialties": [1, 4, 5]}}, {"model": "accounts.doctor", "pk": 3, "fields": {"professional": 5, "crm": "123452/RN", "workload": "5 00:00:00", "departments": [1, 2], "specialties": [2, 3, 5]}}, {"model": "accounts.doctor", "pk": 4, "fields": {"professional": 6, "crm": "123453/RN", "workload": "5 00:00:00", "departments": [1, 2, 4], "specialties": [1, 2, 4, 5]}}, {"model": "accounts.doctor", "pk": 5, "fields": {"professional": 7, "crm": "123454/RN", "workload": "5 00:00:00", "departments": [1, 2], "specialties": [2, 4, 5]}}, {"model": "accounts.manager", "pk": 1, "fields": {"professional": 2}}, {"model": "accounts.specialty", "pk": 1, "fields": {"name": "Cardiologia"}}, {"model": "accounts.specialty", "pk": 2, "fields": {"name": "Pediatria"}}, {"model": "accounts.specialty", "pk": 3, "fields": {"name": "Ginecologia"}}, {"model": "accounts.specialty", "pk": 4, "fields": {"name": "Ortopedia"}}, {"model": "accounts.specialty", "pk": 5, "fields": {"name": "Psiquiatria"}}, {"model": "department.department", "pk": 1, "fields": {"name": "UTI", "active": true, "manager": 1}}, {"model": "department.department", "pk": 2, "fields": {"name": "Centro Cirurgico", "active": true, "manager": 1}}, {"model": "department.department", "pk": 3, "fields": {"name": "Unidade de Internacao", "active": true, "manager": 1}}, {"model": "department.department", "pk": 4, "fields": {"name": "Consultas", "active": true, "manager": 1}}, {"model": "hospital.allocation", "pk": 1, "fields": {"type": "Direta", "return_date": "2025-08-04", "status": "Confirmada", "shift": 1, "doctor": 3, "criated_at": "2025-08-04", "atualized_at": "2025-08-04"}}, {"model": "hospital.allocation", "pk": 2, "fields": {"type": "Direta", "return_date": "2025-08-04", "status": "Confirmada", "shift": 1, "doctor": 2, "criated_at": "2025-08-04", "atualized_at": "2025-08-04"}}, {"model": "hospital.allocation", "pk": 3, "fields": {"type": "Direta", "return_date": "2025-08-04", "status": "Confirmada", "shift": 1, "doctor": 4, "criated_at": "2025-08-04", "atualized_at": "2025-08-04"}}, {"model": "hospital.allocation", "pk": 4, "fields": {"type": "Direta", "return_date": "2025-08-04", "status": "Confirmada", "shift": 2, "doctor": 3, "criated_at": "2025-08-04", "atualized_at": "2025-08-04"}}, {"model": "hospital.allocation", "pk": 5, "fields": {"type": "Direta", "return_date": "2025-08-04", "status": "Confirmada", "shift": 2, "doctor": 5, "criated_at": "2025-08-04", "atualized_at": "2025-08-04"}}, {"model": "hospital.allocation", "pk": 6, "fields": {"type": "Direta", "return_date": "2025-08-04", "status": "Confirmada", "shift": 2, "doctor": 1, "criated_at": "2025-08-04", "atualized_at": "2025-08-04"}}, {"model": "hospital.allocation", "pk": 7, "fields": {"type": "Direta", "return_date": "2025-08-04", "status": "Confirmada", "shift": 3, "doctor": 2, "criated_at": "2025-08-04", "atualized_at": "2025-08-04"}}, {"model": "hospital.allocation", "pk": 8, "fields": {"type": "Direta", "return_date": "2025-08-04", "status": "Confirmada", "shift": 3, "doctor": 4, "criated_at": "2025-08-04", "atualized_at": "2025-08-04"}}, {"model": "hospital.allocation", "pk": 9, "fields": {"type": "Direta", "return_date": "2025-08-04", "status": "Confirmada", "shift": 3, "doctor": 5, "criated_at": "2025-08-04", "atualized_at": "2025-08-04"}}, {"model": "hospital.allocation", "pk": 10, "fields": {"type": "Direta", "return_date": "2025-08-04", "status": "Confirmada", "shift": 4, "doctor": 4, "criated_at": "2025-08-04", "atualized_at": "2025-08-04"}}, {"model": "hospital.allocation", "pk": 11, "fields": {"type": "Direta", "return_date": "2025-08-04", "status": "Confirmada", "shift": 4, "doctor": 5, "criated_at": "2025-08-04", "atualized_at": "2025-08-04"}}, {"model": "hospital.schedule", "pk": 1, "fields": {"name": "Escala segunda metade de agosto", "start_date": "2025-08-15", "end_date": "2025-08-31", "status": "Publicado", "department": 1, "criated_at": "2025-08-04", "atualized_at": "2025-08-04"}}, {"model": "hospital.schedule", "pk": 2, "fields": {"name": "Escala setembro centro cirurgico", "start_date": "2025-09-01", "end_date": "2025-09-30", "status": "Rascunho", "department": 2, "criated_at": "2025-08-04", "atualized_at": "2025-08-04"}}, {"model": "hospital.shift", "pk": 1, "fields": {"date": "2025-08-15", "start_time": "05:00:00", "end_time": "12:00:00", "description": "Plantão da manhã", "schedule": 1, "criated_at": "2025-08-04", "atualized_at": "2025-08-04"}}, {"model": "hospital.shift", "pk": 2, "fields": {"date": "2025-08-15", "start_time": "12:00:00", "end_time": "18:00:00", "description": "Plantão da tarde", "schedule": 1, "criated_at": "2025-08-04", "atualized_at": "2025-08-04"}}, {"model": "hospital.shift", "pk": 3, "fields": {"date": "2025-08-15", "start_time": "18:00:00", "end_time": "23:59:00", "description": "Plantão da noite", "schedule": 1, "criated_at": "2025-08-04", "atualized_at": "2025-08-04"}}, {"model": "hospital.shift", "pk": 4, "fields": {"date": "2025-09-01", "start_time": "00:00:00", "end_time": "07:00:00", "description": "Plantão da madrugada", "schedule": 2, "criated_at": "2025-08-04", "atualized_at": "2025-08-04"}}, {"model": "notification.notification", "pk": 1, "fields": {"message": "Nova escala publicada no departamento UTI, você pode ter novos plantões atribuidos.", "sender": 2, "recipient": 3, "is_read": false, "content_type": 12, "object_id": 1, "url": "/hospital/schedules/1/", "created_at": "2025-08-04T18:43:20.780Z"}}, {"model": "notification.notification", "pk": 2, "fields": {"message": "Nova escala publicada no departamento UTI, você pode ter novos plantões atribuidos.", "sender": 2, "recipient": 4, "is_read": false, "content_type": 12, "object_id": 1, "url": "/hospital/schedules/1/", "created_at": "2025-08-04T18:43:20.781Z"}}, {"model": "notification.notification", "pk": 3, "fields": {"message": "Nova escala publicada no departamento UTI, você pode ter novos plantões atribuidos.", "sender": 2, "recipient": 5, "is_read": false, "content_type": 12, "object_id": 1, "url": "/hospital/schedules/1/", "created_at": "2025-08-04T18:43:20.781Z"}}, {"model": "notification.notification", "pk": 4, "fields": {"message": "Nova escala publicada no departamento UTI, você pode ter novos plantões atribuidos.", "sender": 2, "recipient": 6, "is_read": false, "content_type": 12, "object_id": 1, "url": "/hospital/schedules/1/", "created_at": "2025-08-04T18:43:20.782Z"}}, {"model": "notification.notification", "pk": 5, "fields": {"message": "Nova escala publicada no departamento UTI, você pode ter novos plantões atribuidos.", "sender": 2, "recipient": 7, "is_read": false, "content_type": 12, "object_id": 1, "url": "/hospital/schedules/1/", "created_at": "2025-08-04T18:43:20.782Z"}}]